ModelID,Accuracy,Iteration
0,0.7070415784744515,0
0,0.7070415784744515,1
0,0.7011867937114453,2
0,0.7046939362736596,3
0,0.6893311891851673,4
0,0.7060569039518103,5
0,0.7076938246439892,6
0,0.6901982787017439,7
0,0.6994382789762028,8
