ModelID,Accuracy,Iteration
0,0.8930374669961576,0
0,0.9015591828936587,1
0,0.9249647132619331,2
0,0.9241013139634618,3
0,0.951345488669136,4
0,0.9462570545443728,5
0,0.9495829125985542,6
0,0.9428327476299235,7
