ModelID,Accuracy,Iteration
0,0.4189776766867067,0
0,0.8078639819723655,0
0,0.8776824137931035,0
0,0.8957480952380954,0
0,0.8812969725197952,0
0,0.8906211111111113,0
0,0.9093433333333335,1
