ModelID,Accuracy,Iteration
0,0.9475770181719773,0
0,0.9475770181719773,1
0,0.9692144717607974,2
0,0.9470146798015734,3
0,0.935493739786298,4
0,0.9690822169579664,5
0,0.9469553102714288,6
0,0.9549748837209303,7
0,0.9477415458104159,8
0,0.8997431429827969,0
