ModelID,Accuracy,Iteration
0,0.01043444692813114,0
0,0.01043444692813114,1
0,0.03171707811330538,2
0,0.03983639006607428,3
0,0.10994157887796362,4
