ModelID,Accuracy,Iteration
0,0.4189776766867067,0
0,0.8078639819723655,1
0,0.8776824137931035,2
0,0.8957480952380954,3
0,0.8812969725197952,4
0,0.8906211111111113,5
0,0.9093433333333335,6
0,0.942203007518797,7
