ModelID,Accuracy,Iteration
0,0.8930374669961576,0
0,0.9015591828936587,0
0,0.9249647132619331,0
0,0.9241013139634618,0
0,0.951345488669136,0
0,0.9462570545443728,0
0,0.9495829125985542,1
