ModelID,Accuracy,Iteration
0,0.7753690606973691,0
0,0.8108741526528586,0
0,0.8329855404528909,1
0,0.8409604203126073,2
0,0.8569499018444644,0
0,0.8727061185491092,1
0,0.874945412173367,0
0,0.8828462838520253,1
0,0.8823048131603412,3
0,0.8862714018267185,4
0,0.890380580432584,5
0,0.8825719891884166,6
0,0.8871293368521428,7
0,0.8864976910683647,8
0,0.8935861050888346,9
