ModelID,Accuracy,Iteration
0,0.9571565206568361,0
0,0.9594026817449405,1
0,0.9665300423354767,2
0,0.9577279453098074,3
0,0.9580650423355384,4
0,0.9708671219251707,5
0,0.9794948704738811,6
0,0.9638302596060835,7
0,0.9697369868369748,8
