ModelID,Accuracy,Iteration
0,0.21177039923559343,0
0,0.5592273277517145,1
0,0.596634012112158,2
0,0.6719588245151449,3
0,0.7157029003733962,4
