ModelID,Accuracy,Iteration
0,0.7217131484447717,0
0,0.7296953991710246,1
0,0.7229939647069672,2
0,0.7291947357012739,3
0,0.7339048551060104,4
0,0.7422415992582376,5
0,0.7321589479379245,6
0,0.7379032047058052,7
0,0.7334692363095645,8
