Iteration,Mean Absolute Error (MAE)
0,3.722689075630252
1,3.722689075630252
2,7.722689075630252
3,7.722689075630252
4,7.722689075630252
