Iteration,Average Prediction Accuracy
0,2.847222222222223
1,0.6699346405228751
2,0.6699346405228751
3,0.16748366013071878
