Iteration,Mean Absolute Error (MAE)
0,12.722689075630251
1,12.722689075630251
2,8.722689075630251
3,4.722689075630252
4,3.722689075630252
