Iteration,Mean Absolute Error (MAE)
0,10.722689075630251
0,3.277310924369748
1,4.277310924369748
2,5.277310924369748
3,4.277310924369748
4,4.277310924369748
