Iteration,Mean Absolute Error (MAE)
0,5.277310924369748
0,1.4621848739495797
1,1.4621848739495797
2,4.277310924369748
3,5.277310924369748
4,5.277310924369748
